id,name,model_id:id,group_id:id,perm_read,perm_write,perm_create,perm_unlink
access_hospital_patient,hospital.patient,model_hospital_patient,base.group_user,1,1,1,1
access_hospital_doctor,hospital.doctor,model_hospital_doctor,base.group_user,1,1,1,1
access_hospital_appointment,hospital.appointment,model_hospital_appointment,base.group_user,1,1,1,1
access_hospital_department,hospital.department,model_hospital_department,base.group_user,1,1,1,1
access_hospital_ticket,hospital.ticket,model_hospital_ticket,base.group_user,1,1,1,1