<?xml version="1.0" encoding="utf-8"?>
<odoo>
    <data noupdate="1">
        <record id="email_template_appointment_confirmation" model="mail.template">
            <field name="name">Appointment Confirmation</field>
            <field name="model_id" ref="model_hospital_appointment"/>
            <field name="subject">Your Appointment Confirmation - {{ object.patient_id.name }}</field>
            <field name="body_html"><![CDATA[
<div style="font-family: Arial, sans-serif; max-width: 600px; margin: 0 auto;">
    <p>Dear <t t-esc="object.patient_id.name"/>,</p>
    
    <p>Your appointment has been confirmed with the following details:</p>
    
    <div style="background: #f9f9f9; padding: 15px; border-radius: 5px; margin: 15px 0;">
        <ul style="list-style: none; padding: 0; margin: 0;">
            <li style="margin-bottom: 8px;"><strong>Date & Time:</strong> <t t-esc="object.appointment_date"/></li>
            <li style="margin-bottom: 8px;"><strong>Doctor:</strong> <t t-esc="object.doctor_id.name"/></li>
            <li style="margin-bottom: 8px;"><strong>Patient:</strong> <t t-esc="object.patient_id.name"/></li>
            <t t-if="object.doctor_id.specialty">
                <li style="margin-bottom: 8px;"><strong>Specialty:</strong> <t t-esc="object.doctor_id.specialty"/></li>
            </t>
        </ul>
    </div>

    <p>Please arrive 15 minutes before your scheduled time.</p>
    
    <p>If you need to reschedule or cancel, please contact us at your earliest convenience.</p>
    
    <p>Thank you for choosing our healthcare services.</p>
    
    <p>Best regards,<br/>
    The Hospital Team</p>
</div>
            ]]></field>
            <field name="email_from">{{ object.create_uid.email or '' }}</field>
            <field name="email_to">{{ object.patient_id.email or '' }}</field>
            <field name="partner_to">{{ object.patient_id.partner_id.id }}</field>
            <field name="auto_delete">True</field>
        </record>
    </data>
</odoo>