<?xml version="1.0" encoding="utf-8"?>
<odoo>
    <data noupdate="1">
        <record id="email_template_ticket_acknowledgment" model="mail.template">
            <field name="name">Ticket Acknowledgment</field>
            <field name="model_id" ref="model_hospital_ticket"/>
            <field name="subject">Ticket Received: ${object.name}</field>
            <field name="email_from">${object.env.user.email or 'noreply@example.com'}</field>
            <field name="email_to">${object.email_from}</field>
            <field name="body_html"><![CDATA[
                <div style="font-family: Arial, sans-serif; max-width: 600px; margin: 0 auto;">
                    <h2 style="color: #2c3e50;">Thank you for contacting us!</h2>
                    <p>Dear Patient,</p>
                    <p>We have received your message and created a support ticket for you.</p>
                    <div style="background-color: #f9f9f9; padding: 15px; border-left: 4px solid #3498db;">
                        <p><strong>Ticket Reference:</strong> ${object.name}</p>
                        <p><strong>Subject:</strong> ${object.subject}</p>
                        <p><strong>Date Received:</strong> ${object.create_date}</p>
                    </div>
                    <p>Our medical team will review your inquiry and respond as soon as possible.</p>
                    <p>If you have any additional information to add to this ticket, please reply to this email.</p>
                    <br/>
                    <p>Best regards,<br/>Medical Support Team</p>
                </div>
            ]]></field>
        </record>
    </data>
</odoo>